album_id,track_id,track_name
37484796,194990926,Toosie Slide
37484781,194990642,Toosie Slide
34738638,183557608,Behind Barz - Bonus
32988131,173684623,Omertà
32988131,173684624,Money In The Grave (Drake ft. Rick Ross)
29365716,153434466,Survival
29365716,153434467,Nonstop
29365716,153434468,Elevate
29365716,153434469,Emotionless
29365716,153434470,God's Plan
29365716,153434471,I'm Upset
29365716,153434472,8 Out Of 10
29365716,153434473,Mob Ties
29365716,153434474,Can't Take A Joke
29365716,153434475,Sandra's Rose
29365716,153434476,Talk Up (feat. Jay-Z)
29365716,153434477,Is There More
29365716,153434478,Peak
29365716,153434479,Summer Games
29365716,153434480,Jaded
29365716,153434481,Nice For What
29365716,153434482,Finesse
29365716,153434483,Ratchet Happy Birthday
29365716,153434485,That's How You Feel
29365716,153434486,Blue Tint
28582508,148394341,Nice For What
27975896,144542550,God's Plan
27975896,144542551,Diplomatic Immunity
29474699,154089083,Diplomatic Immunity
26345795,131278268,Signs
24048317,115521242,Fake Love
51358778,235614865,Moscow Mule
51358778,235614866,Después de la Playa
51358778,235614869,Me Porto Bonito
51358778,235614871,Tití Me Preguntó
51358778,235614873,Un Ratito
51358778,235614874,Yo No Soy Celoso
51358778,235614877,Tarot
51358778,235614879,Neverita
51358778,235614880,La Corriente
51358778,235614883,Efecto
51358778,235614885,Party
51358778,235614886,Aguacero
51358778,235614887,Enséñame a Bailar
51358778,235614888,Ojitos Lindos
51358778,235614889,Dos Mil 16
51358778,235614891,El Apagón
51358778,235614892,Otro Atardecer
51358778,235614893,Un Coco
51358778,235614894,Andrea
51358778,235614895,Me Fui de Vacaciones
51494109,236054631,"Bad Bunny on ""Moscow Mule"" and new album"
51481412,236022186,"Bad Bunny on ""Moscow Mule"""
45459535,219251763,De Museo
44318476,216013860,Yonaguni
41198939,206148969,EL MUNDO ES MÍO
41198939,206148970,TE MUDASTE
41198939,206148971,HOY COBRÉ
41198939,206148972,MALDITA POBREZA
41198939,206148973,LA NOCHE DE ANOCHE
41198939,206148974,TE DESEO LO MEJOR
41198939,206148975,YO VISTO ASÍ
41198939,206148976,HACIENDO QUE ME AMAS
41198939,206148977,BOOKER T
41198939,206148978,LA DROGA
41198939,206148979,DÁKITI
41198939,206148980,TRELLAS
41198939,206148981,SORRY PAPI
41198939,206148982,120
41198939,206148983,ANTES QUE SE ACABE
41198939,206148984,CANTARES DE NAVIDAD
37966135,196426547,SI ELLA SALE
37966135,196426548,MÁS DE UNA CITA
37966135,196426549,BYE ME FUI
37966135,196426550,CANCIÓN CON YANDEL
37966135,196426551,PA' ROMPERLA
37966135,196426552,BAD CON NICKY
37966135,196426553,BENDICIONES
37966135,196426554,CÓMO SE SIENTE (Remix)
37966135,196426555,RONCA FREESTYLE
37966135,196426556,EN CASITA (feat. Gabriela)
37046702,193579418,Si Veo a Tu Mamá
37046702,193579419,La Difícil
37046702,193579420,Pero Ya No
37046702,193579421,La Santa
37046702,193579422,Yo Perreo Sola
37046702,193579423,Bichiyal
37046702,193579424,Soliá
37046702,193579425,La Zona
37046702,193579426,Qué Malo
37046702,193579427,Vete
37046702,193579428,Ignorantes
37046702,193579429,A Tu Merced
37046702,193579430,Una Vez
37046702,193579431,Safaera
37046702,193579432,25/8
37046702,193579434,Está C****n Ser Yo
37046702,193579437,Puesto Pa' Guerrial
37046702,193579438,P FKN R
37046702,193579440,Hablamos Mañana
37046702,193579441,<3
35820695,193579427,Vete
34433044,181998475,NI BIEN NI MAL (Live)
34433044,181998476,200 Mph (Live)
34433044,181998477,Caro (Live)
34433044,181998478,Solo de Mí (Live)
34433044,181998479,La Romana (Live)
34433044,181998480,Si Estuviésemos Juntos (Live)
34433044,181998481,Estamos Bien (Live)
54605646,246834564,Celestial
52018284,238265292,2step (feat. Armaan Malik)
53042679,242009836,Tides
53042679,242009840,Shivers
53042679,242009845,First Times
53042679,242009851,Bad Habits
53042679,242009858,Overpass Graffiti
53042679,242009863,The Joker And The Queen
53042679,242009870,Leave Your Life
53042679,242009877,Collide
53042679,242009885,2step
53042679,242009895,Stop The Rain
53042679,242009900,Love In Slow Motion
53042679,242009903,Visiting Hours
53042679,242009909,Sandman
53042679,242009914,Be Right Now
53042679,242009920,Afterglow
53042679,242009924,One Life
53042679,242009928,Penguins
53042679,242009931,I Will Remember You
53042679,242009933,Welcome To The World
53042679,242009936,The Joker And The Queen (feat. Taylor Swift)
53042685,242009988,Tides
53042685,242009993,Shivers
53042685,242009997,First Times
53042685,242010001,Bad Habits
53042685,242010005,Overpass Graffiti
53042685,242010009,The Joker And The Queen
53042685,242010012,Leave Your Life
53042685,242010016,Collide
53042685,242010019,2step
53042685,242010023,Stop The Rain
53042685,242010025,Love In Slow Motion
53042685,242010030,Visiting Hours
53042685,242010035,Sandman
53042685,242010038,Be Right Now
53042685,242010041,Afterglow
53042685,242010043,One Life
53042685,242010047,Penguins
53042685,242010049,I Will Remember You
53042685,242010052,Welcome To The World
53042685,242010054,The Joker And The Queen (feat. Taylor Swift)
51569465,236509292,Tides
51569465,236509293,Shivers
51569465,236509294,First Times
51569465,236509295,Bad Habits
51569465,236509296,Overpass Graffiti
51569465,236509297,The Joker And The Queen
51569465,236509298,Leave Your Life
51569465,236509299,Collide
51569465,236509300,2step
51569465,236509301,Stop The Rain
51569465,236509302,Love In Slow Motion
51569465,236509303,Visiting Hours
51569465,236509304,Sandman
51569465,236509305,Be Right Now
51569465,236509306,Afterglow
51569465,236509307,One Life
51569465,236509308,Penguins
51569465,236509309,I Will Remember You
51569465,236509310,Welcome To The World
51569465,236509311,The Joker And The Queen (feat. Taylor Swift)
53042682,242009959,Tides
53042682,242009960,Shivers
53042682,242009961,First Times
53042682,242009962,Bad Habits
53042682,242009963,Overpass Graffiti
53042682,242009964,The Joker And The Queen
53042682,242009965,Leave Your Life
53042682,242009966,Collide
53042682,242009967,2step
53042682,242009968,Stop The Rain
53042682,242009970,Love In Slow Motion
53042682,242009972,Visiting Hours
53042682,242009975,Sandman
53042682,242009978,Be Right Now
53042682,242009981,Afterglow
53042682,242009984,One Life
53042682,242009987,Penguins
53042682,242009991,I Will Remember You
53042682,242009992,Welcome To The World
53042682,242009996,The Joker And The Queen (feat. Taylor Swift)
53042684,242009973,Tides
53042684,242009976,Shivers
53042684,242009980,First Times
53042684,242009983,Bad Habits
53042684,242009985,Overpass Graffiti
53042684,242009990,The Joker And The Queen
53042684,242009995,Leave Your Life
53042684,242009998,Collide
53042684,242010002,2step
53042684,242010008,Stop The Rain
53042684,242010011,Love In Slow Motion
53042684,242010014,Visiting Hours
53042684,242010021,Sandman
53042684,242010022,Be Right Now
53042684,242010026,Afterglow
53042684,242010032,One Life
53042684,242010034,Penguins
53042684,242010037,I Will Remember You
53042684,242010039,Welcome To The World
53042684,242010042,The Joker And The Queen (feat. Taylor Swift)
53042676,242009819,Tides
53042676,242009820,Shivers
53042676,242009821,First Times
53042676,242009822,Bad Habits
53042676,242009823,Overpass Graffiti
53042676,242009824,The Joker And The Queen
53042676,242009826,Leave Your Life
53042676,242009828,Collide
53042676,242009831,2step
53042676,242009835,Stop The Rain
53042676,242009838,Love In Slow Motion
53042676,242009841,Visiting Hours
53042676,242009850,Sandman
53042676,242009855,Be Right Now
53042676,242009860,Afterglow
53042676,242009865,One Life
53042676,242009873,Penguins
53042676,242009879,I Will Remember You
53042676,242009884,Welcome To The World
53042676,242009888,The Joker And The Queen (feat. Taylor Swift)
53042681,242009874,Tides
53042681,242009881,Shivers
53042681,242009890,First Times
53042681,242009896,Bad Habits
53042681,242009901,Overpass Graffiti
53042681,242009905,The Joker And The Queen
53042681,242009911,Leave Your Life
53042681,242009916,Collide
53042681,242009921,2step
53042681,242009925,Stop The Rain
53042681,242009930,Love In Slow Motion
53042681,242009935,Visiting Hours
53042681,242009939,Sandman
53042681,242009942,Be Right Now
53042681,242009945,Afterglow
53042681,242009948,One Life
53042681,242009951,Penguins
53042681,242009952,I Will Remember You
53042681,242009953,Welcome To The World
53042681,242009954,The Joker And The Queen (feat. Taylor Swift)
53042677,242009825,Tides
53042677,242009827,Shivers
53042677,242009829,First Times
53042677,242009832,Bad Habits
53042677,242009834,Overpass Graffiti
53042677,242009839,The Joker And The Queen
53042677,242009844,Leave Your Life
53042677,242009849,Collide
53042677,242009856,2step
53042677,242009868,Stop The Rain
53042677,242009872,Love In Slow Motion
53042677,242009882,Visiting Hours
53042677,242009892,Sandman
53042677,242009897,Be Right Now
53042677,242009902,Afterglow
53042677,242009907,One Life
53042677,242009912,Penguins
53042677,242009915,I Will Remember You
53042677,242009918,Welcome To The World
53042677,242009922,The Joker And The Queen (feat. Taylor Swift)
52754096,241159695,Dawn FM - OPN Remix
51060870,234549445,Out of Time (KAYTRANADA Remix)
51060870,234549447,Out of Time
51065709,234567481,Out of Time (KAYTRANADA Remix)
51065709,234567482,Out of Time (KAYTRANADA Remix / Radio Edit)
51065709,234567483,Out of Time
50978424,234327756,Dawn FM
50978424,234327757,Gasoline
50978424,234327758,How Do I Make You Love Me?
50978424,234327759,Take My Breath
50978424,234327760,Sacrifice
50978424,234327761,A Tale By Quincy
50978424,234327762,Out of Time
50978424,234327763,"Here We Go… Again (feat. Tyler, The Creator)"
50978424,234327764,Best Friends
50978424,234327765,Is There Someone Else?
50978424,234327766,Starry Eyes
50978424,234327767,Every Angel is Terrifying
50978424,234327768,Don’t Break My Heart
50978424,234327769,I Heard You’re Married (feat. Lil Wayne)
50978424,234327770,Less Than Zero
50978424,234327771,Phantom Regret by Jim
50978424,234327772,Take My Breath (Single Version)
50978424,234327773,Sacrifice (Remix)
50978424,234327774,Moth To A Flame
52268095,239092456,Dawn FM
52268095,239092465,Gasoline
52268095,239092479,How Do I Make You Love Me?
52268095,239092484,Take My Breath
52268095,239092488,Sacrifice
52268095,239092493,A Tale By Quincy
52268095,239092495,Out of Time
52268095,239092496,"Here We Go… Again (feat. Tyler, the Creator)"
52268095,239092497,Best Friends
52268095,239092498,Is There Someone Else?
52268095,239092505,Starry Eyes
52268095,239092511,Every Angel is Terrifying
52268095,239092514,Don’t Break My Heart
52268095,239092515,I Heard You're Married (feat. Lil Wayne)
52268095,239092516,Less Than Zero
52268095,239092517,Phantom Regret by Jim
52268095,239092518,Moth To A Flame (with The Weeknd)
52268095,239092519,Sacrifice (Remix) (feat. Swedish House Mafia)
52268095,239092520,Out of Time - KAYTRANADA Remix
52268095,239092521,Take My Breath - Single Version
53908178,244654392,Dawn FM
53908178,244654393,Gasoline
53908178,244654394,How Do I Make You Love Me?
53908178,244654395,Take My Breath
53908178,244654396,Sacrifice
53908178,244654397,A Tale By Quincy
53908178,244654398,Out of Time
53908178,244654399,"Here We Go… Again (feat. Tyler, the Creator)"
53908178,244654400,Best Friends
53908178,244654401,Is There Someone Else?
53908178,244654402,Starry Eyes
53908178,244654403,Every Angel is Terrifying
53908178,244654404,Don’t Break My Heart
53908178,244654405,I Heard You're Married (feat. Lil Wayne)
53908178,244654406,Less Than Zero
53908178,244654407,Phantom Regret by Jim
53908178,244654408,Moth To A Flame (with The Weeknd)
53908178,244654409,Dawn FM - OPN Remix
53908178,244654410,How Do I Make You Love Me? - Sebastian Ingrosso & Salvatore Ganacci Remix
53908178,244654411,Sacrifice (Remix) (feat. Swedish House Mafia)
50978417,234327700,Dawn FM
50978417,234327701,Gasoline
50978417,234327702,How Do I Make You Love Me?
50978417,234327703,Take My Breath
50978417,234327704,Sacrifice
50978417,234327705,A Tale By Quincy
50978417,234327706,Out of Time
50978417,234327707,"Here We Go… Again (feat. Tyler, The Creator)"
50978417,234327708,Best Friends
50978417,234327709,Is There Someone Else?
50978417,234327710,Starry Eyes
50978417,234327711,Every Angel is Terrifying
50978417,234327712,Don’t Break My Heart
50978417,234327713,I Heard You’re Married (feat. Lil Wayne)
50978417,234327714,Less Than Zero
50978417,234327715,Phantom Regret by Jim
50978417,234327716,Take My Breath (Single Version)
50978417,234327717,Sacrifice (Remix)
50978417,234327718,Moth To A Flame
50807364,233884672,Dawn FM
50807364,233884673,Gasoline
50807364,233884674,How Do I Make You Love Me?
50807364,233884675,Take My Breath
50807364,233884676,Sacrifice
50807364,233884677,A Tale By Quincy
50807364,233884678,Out of Time
50807364,233884679,"Here We Go… Again (feat. Tyler, the Creator)"
50807364,233884680,Best Friends
50807364,233884681,Is There Someone Else?
50807364,233884682,Starry Eyes
50807364,233884683,Every Angel is Terrifying
50807364,233884684,Don’t Break My Heart
50807364,233884685,I Heard You’re Married (feat. Lil Wayne)
50807364,233884686,Less Than Zero
50807364,233884687,Phantom Regret by Jim
50807364,233884688,Take My Breath
53908290,244654718,Dawn FM
53908290,244654719,Gasoline
53908290,244654720,How Do I Make You Love Me?
53908290,244654721,Take My Breath
53908290,244654722,Sacrifice
53908290,244654723,A Tale By Quincy
53908290,244654724,Out of Time
53908290,244654725,"Here We Go… Again (feat. Tyler, the Creator)"
53908290,244654726,Best Friends
53908290,244654727,Is There Someone Else?
53908290,244654728,Starry Eyes
53908290,244654729,Every Angel is Terrifying
53908290,244654730,Don’t Break My Heart
53908290,244654731,I Heard You're Married (feat. Lil Wayne)
53908290,244654732,Less Than Zero
53908290,244654733,Phantom Regret by Jim
53908290,244654734,Moth To A Flame (with The Weeknd)
53908290,244654735,Dawn FM - OPN Remix
53908290,244654736,How Do I Make You Love Me? - Sebastian Ingrosso & Salvatore Ganacci Remix
53908290,244654737,Sacrifice (Remix) (feat. Swedish House Mafia)
48965918,228966204,Dawn FM
48965918,228966205,Gasoline
48965918,228966206,How Do I Make You Love Me?
48965918,228966207,Take My Breath
48965918,228966208,Sacrifice
48965918,228966209,A Tale By Quincy
48965918,228966210,Out of Time
48965918,228966211,"Here We Go… Again (feat. Tyler, The Creator)"
48965918,228966212,Best Friends
48965918,228966213,Is There Someone Else?
48965918,228966214,Starry Eyes
48965918,228966215,Every Angel is Terrifying
48965918,228966216,Don’t Break My Heart
48965918,228966217,I Heard You’re Married (feat. Lil Wayne)
48965918,228966218,Less Than Zero
48965918,228966219,Phantom Regret by Jim
52407542,239676545,Carolina (From The Motion Picture “Where The Crawdads Sing”)
52407542,239676549,"Carolina (""Where The Crawdads Sing"" - Video Edition)"
52155666,238778141,All Too Well (10 Minute Version) (The Short Film)
51353981,235600685,This Love (Taylor’s Version)
51353981,235600686,Wildest Dreams (Taylor's Version)
49220153,229671640,Message In A Bottle (Fat Max G Remix) (Taylor’s Version)
49220153,229671641,Message In A Bottle (Taylor's Version) (From The Vault)
49219055,229668008,Message In A Bottle (Taylor’s Version) [Fat Max G Remix]
49319270,229947837,Message In A Bottle (Taylor’s Version) [Fat Max G Remix]
49319270,229947840,Message In A Bottle (Taylor's Version) (From The Vault)
49407817,230176642,Nothing New (feat. Phoebe Bridgers) (Taylor’s Version) (From The Vault)
49407817,230176643,Run (feat. Ed Sheeran) (Taylor’s Version) (From The Vault)
49407817,230176644,The Very First Night (Taylor's Version) (From The Vault)
49407817,230176645,Forever Winter (Taylor's Version) (From The Vault)
49407817,230176646,Babe (Taylor's Version) (From The Vault)
49407817,230176647,Better Man (Taylor's Version) (From The Vault)
49311447,229928273,All Too Well (10 Minute Version) (Taylor's Version) (From The Vault)
49311447,229928274,Holy Ground (Taylor's Version)
49311447,229928275,The Moment I Knew (Taylor's Version)
49311447,229928276,Sad Beautiful Tragic (Taylor's Version)
49311447,229928277,Come Back...Be Here (Taylor's Version)
49311447,229928278,The Last Time (feat. Gary Lightbody of Snow Patrol) (Taylor’s Version)
49062023,229238179,I Bet You Think About Me (Taylor's Version) (From The Vault) [feat. Chris Stapleton]
49062023,229238180,We Are Never Ever Getting Back Together (Taylor's Version)
49062023,229238181,I Knew You Were Trouble (Taylor's Version)
49062023,229238182,Red (Taylor's Version)
49062023,229238183,The Lucky One (Taylor's Version)
49062023,229238184,I Almost Do (Taylor's Version)
49029799,229136459,Message In A Bottle (Taylor's Version) (From The Vault)
49029799,229136460,State Of Grace (Taylor's Version)
49029799,229136461,Treacherous (Taylor's Version)
49029799,229136462,Everything Has Changed (feat. Ed Sheeran) (Taylor’s Version)
49029799,229136463,Starlight (Taylor's Version)
49029799,229136464,Begin Again (Taylor's Version)
53919451,244708991,Beautiful Love - Free Fire
51221407,235021227,Honest (feat. Don Toliver)
51254940,235274750,Honest (feat. Don Toliver)
51345497,235561883,"Justin Bieber on ""Honest"" featuring Don Toliver"
51189898,234936985,I Feel Funny
51190001,234937440,I Feel Funny
49400992,230151878,2 Much
49400992,230151879,Deserve You
49400992,230151880,As I Am (feat. Khalid)
49400992,230151881,Off My Face
49400992,230151882,Holy (feat. Chance The Rapper)
49400992,230151883,Unstable (feat. The Kid LAROI)
49400992,230151884,MLK Interlude
49400992,230151885,Die For You (feat. Dominic Fike)
49400992,230151886,Hold On
49400992,230151887,Somebody
49400992,230151888,Ghost
49400992,230151889,Peaches (feat. Daniel Caesar & Giveon)
49400992,230151890,Love You Different (feat. BEAM)
49400992,230151891,Loved By You (feat. Burna Boy)
49400992,230151892,Anyone
49400992,230151893,Lonely (with benny blanco)
49400992,230151894,There She Go (feat. Lil Uzi Vert)
49400992,230151895,I Can't Be Myself (feat. Jaden)
49400992,230151896,Lifetime
49400992,230151897,Wish You Would (feat. Quavo)
47337131,224393300,2 Much
47337131,224393301,Deserve You
47337131,224393302,As I Am (feat. Khalid)
47337131,224393303,Off My Face
47337131,224393304,Holy (feat. Chance The Rapper)
47337131,224393305,Unstable (feat. The Kid LAROI)
47337131,224393306,MLK Interlude
47337131,224393307,Die For You (feat. Dominic Fike)
47337131,224393308,Hold On
47337131,224393309,Somebody
47337131,224393310,Ghost
47337131,224393311,Peaches (feat. Daniel Caesar & Giveon)
47337131,224393312,Love You Different (feat. BEAM)
47337131,224393313,Loved By You (feat. Burna Boy)
47337131,224393315,Anyone
47337131,224393316,Lonely (with benny blanco)
47337131,224393317,There She Go (feat. Lil Uzi Vert)
47337131,224393318,I Can't Be Myself (feat. Jaden)
47337131,224393319,Lifetime
47337131,224393320,Wish You Would (feat. Quavo)
44378936,216175530,"Peaches (Remix) [feat. Ludacris, Usher & Snoop Dogg]"
44378936,218725615,"Peaches (Remix) [feat. Ludacris, Usher & Snoop Dogg]"
43263996,212062704,2 Much
43263996,212062705,Deserve You
43263996,212062706,As I Am (feat. Khalid)
43263996,212062707,Off My Face
43263996,212062709,Holy (feat. Chance The Rapper)
43263996,212062712,Unstable (feat. The Kid LAROI)
43263996,212062714,MLK Interlude
43263996,212062715,Die For You (feat. Dominic Fike)
43263996,212062717,Hold On
43263996,212062720,Somebody
43263996,212062722,Ghost
43263996,212062724,Peaches (feat. Daniel Caesar & Giveon)
43263996,212062726,Love You Different (feat. BEAM)
43263996,212062727,Loved By You (feat. Burna Boy)
43263996,212062728,Anyone
43263996,212062730,Lonely (with benny blanco)
43263996,212062732,There She Go (feat. Lil Uzi Vert)
43263996,212062734,I Can't Be Myself (feat. Jaden)
43263996,212062736,Lifetime
43263996,212062738,Wish You Would (feat. Quavo)
41578156,207304003,shut up
41578156,207304008,34+35
41578156,207304012,motive (with Doja Cat)
41578156,207304016,just like magic
41578156,207304020,off the table (with The Weeknd)
41578156,207304023,six thirty
41578156,207304027,safety net (feat. Ty Dolla $ign)
41578156,207304030,my hair
41578156,207304034,nasty
41578156,207304035,west side
41578156,207304040,love language
41578156,207304041,positions
41578156,207304042,obvious
41578156,207304043,pov
41578156,207304044,someone like u - interlude
41578156,207304045,test drive
41578156,207304046,"34+35 Remix (feat. Doja Cat, Megan Thee Stallion) - Remix"
41578156,207304047,worst behavior
41578156,207304050,main thing
41579223,207306655,shut up
41579223,207306657,34+35
41579223,207306658,motive (with Doja Cat)
41579223,207306659,just like magic
41579223,207306660,off the table (with The Weeknd)
41579223,207306661,six thirty
41579223,207306662,safety net (feat. Ty Dolla $ign)
41579223,207306663,my hair
41579223,207306664,nasty
41579223,207306667,west side
41579223,207306668,love language
41579223,207306669,positions
41579223,207306670,obvious
41579223,207306671,pov
41579223,207306672,someone like u - interlude
41579223,207306673,test drive
41579223,207306674,"34+35 Remix (feat. Doja Cat, Megan Thee Stallion) - Remix"
41579223,207306675,worst behavior
41579223,207306676,main thing
41328202,206545286,"34+35 Remix (feat. Doja Cat, Megan Thee Stallion) - Remix"
41328201,206545285,"34+35 Remix (feat. Doja Cat, Megan Thee Stallion) - Remix"
40633567,204342041,shut up
40633567,204342042,34+35
40633567,204342043,motive (with Doja Cat)
40633567,204342044,just like magic
40633567,204342045,off the table (with The Weeknd)
40633567,204342046,six thirty
40633567,204342047,safety net (feat. Ty Dolla $ign)
40633567,204342048,my hair
40633567,204342049,nasty
40633567,204342050,west side
40633567,204342051,love language
40633567,204342052,positions
40633567,204342053,obvious
40633567,204342054,pov
40633641,204342461,shut up
40633641,204342462,34+35
40633641,204342463,motive (with Doja Cat)
40633641,204342464,just like magic
40633641,204342465,off the table (with The Weeknd)
40633641,204342466,six thirty
40633641,204342467,safety net (feat. Ty Dolla $ign)
40633641,204342468,my hair
40633641,204342469,nasty
40633641,204342470,west side
40633641,204342471,love language
40633641,204342472,positions
40633641,204342473,obvious
40633641,204342474,pov
40333327,203554715,positions
40633768,204342895,positions
36197171,190056618,raindrops (an angel cried) - live
36197171,190056619,god is a woman - live
36197171,190056620,bad idea - live
36197171,190056621,"break up with your girlfriend, i'm bored - live"
36197171,190056622,r.e.m - live
36197171,190056623,be alright - live
36197171,190056624,sweetener - live
36197171,190056625,successful - live
36197171,190056626,side to side - live
36197171,190056627,7 rings - live
36197171,190056628,love me harder - live
36197171,190056629,breathin - live
36197171,190056630,needy - live
36197171,190056631,fake smile - live
36197171,190056632,make up - live
36197171,190056633,right there - live
36197171,190056634,you'll never know - live
36197171,190056635,break your heart right back - live
36197171,190056636,nasa - live
36197171,190056637,tattooed heart - live
31234760,164289219,imagine
31234760,164289220,needy
31234760,164289221,NASA
31234760,164289222,bloodline
31234760,164289223,fake smile
31234760,164289224,bad idea
31234760,164289225,make up
31234760,164289226,ghostin
31234760,164289227,in my head
31234760,164289228,7 rings
31234760,164289229,"thank u, next"
31234760,164289230,"break up with your girlfriend, i'm bored"
53378150,243163575,Godzilla (feat. Juice WRLD)
53378150,243451396,Lucky You (feat. Joyner Lucas)
53378150,243451405,Lighters
53378150,243451408,Gnat
53378150,243451410,Cinderella Man
53378150,243451417,Walk On Water (feat. Beyoncé)
53378150,243451420,Rap God
53378150,243451422,Love The Way You Lie (feat. Rihanna)
53378150,243451439,Higher
53378150,243451440,Berzerk
53378150,243451441,Not Afraid
53378150,243451443,From The D 2 The LBC (with Snoop Dogg)
53378150,243451446,Nowhere Fast (feat. Kehlani)
53378150,243451447,Fall
53378150,243451450,Phenomenal
53378150,243451468,Fast Lane
53378150,243451469,You’re Never Over
53378150,243451484,3 a.m.
53378150,243451492,Space Bound
53378150,243451504,Beautiful
53508433,243605425,Godzilla (feat. Juice WRLD)
53508433,243605426,Lucky You (feat. Joyner Lucas)
53508433,243605428,Lighters (feat. Bruno Mars)
53508433,243605430,Gnat
53508433,243605431,Cinderella Man
53508433,243605432,Walk On Water (feat. Beyoncé)
53508433,243605433,Rap God
53508433,243605434,Love The Way You Lie (feat. Rihanna)
53508433,243605436,Higher
53508433,243605437,Berzerk
53508433,243605438,Not Afraid
53508433,243605439,From The D 2 The LBC
53508433,243605440,Nowhere Fast (feat. Kehlani)
53508433,243605441,Fall
53508433,243605442,Phenomenal
53508433,243605443,Fast Lane
53508433,243605444,You’re Never Over
53508433,243605445,3 a.m.
53508433,243605446,Space Bound
53508433,243605447,Beautiful
53376681,243160286,Godzilla (feat. Juice WRLD)
53376681,243160299,Lucky You (feat. Joyner Lucas)
53376681,243160309,Lighters (feat. Bruno Mars)
53376681,243160317,Gnat
53376681,243160321,Cinderella Man
53376681,243160324,Walk On Water (feat. Beyoncé)
53376681,243160326,Rap God
53376681,243160330,Love The Way You Lie (feat. Rihanna)
53376681,243160336,Won't Back Down (feat. P!nk)
53376681,243160347,Higher
53376681,243160350,Berzerk
53376681,243160354,Not Afraid
53376681,243160357,From The D 2 The LBC
53376681,243160358,Nowhere Fast (feat. Kehlani)
53376681,243160361,Fall
53376681,243160366,Phenomenal
53376681,243160377,Fast Lane
53376681,243160386,You’re Never Over
53376681,243160393,3 a.m.
53376681,244911968,Space Bound
53373923,243152339,Godzilla (feat. Juice WRLD)
53373923,243152340,Lucky You (feat. Joyner Lucas)
53373923,243152341,Lighters
53373923,243152343,Gnat
53373923,243152345,Cinderella Man
53373923,243152348,Walk On Water (feat. Beyoncé)
53373923,243152354,Rap God
53373923,243152355,Love The Way You Lie (feat. Rihanna)
53373923,243152356,Won't Back Down (feat. P!nk)
53373923,243152367,Higher
53373923,243152368,Berzerk
53373923,243152369,Not Afraid
53373923,243152370,From The D 2 The LBC (with Snoop Dogg)
53373923,243152371,Nowhere Fast (feat. Kehlani)
53373923,243152373,Fall
53373923,243152375,Phenomenal
53373923,243152376,Fast Lane
53373923,243152377,You’re Never Over
53373923,243152378,3 a.m.
53373923,243152379,Space Bound
52262899,239065177,The King and I (feat. CeeLo Green) - From the Original Motion Picture Soundtrack ELVIS
52492792,240176390,The King and I (feat. CeeLo Green) - From the Original Motion Picture Soundtrack ELVIS
51566453,236483201,White America
51566453,236483202,Business
51566453,236483203,Cleanin' Out My Closet
51566453,236483204,Square Dance
51566453,236483205,The Kiss - Skit
51566453,236483206,Soldier
51566453,236483207,Say Goodbye Hollywood
51566453,236483208,Drips
51566453,236483209,Without Me
51566453,236483210,Paul Rosenberg - Skit
51566453,236483211,Sing For The Moment
51566453,236483212,Superman
51566453,236483213,Hailie's Song
51566453,236483214,Steve Berman - Skit
51566453,236483215,When The Music Stops
51566453,236483216,Say What You Say
51566453,236483217,'Till I Collapse
51566453,236483218,My Dad's Gone Crazy
51566453,236483219,Curtains Close
51566453,236483220,Stimulate
41246142,206299765,Alfred - Intro
41246142,206299766,Black Magic (feat. Skylar Grey)
41246142,206299767,Alfred’s Theme
41246142,206299768,Tone Deaf
41246142,206299769,Book of Rhymes (feat. DJ Premier)
41246142,206299770,Favorite Bitch (feat. Ty Dolla $ign)
41246142,206299771,Guns Blazing (feat. Dr. Dre & Sly Pyper)
41246142,206299772,Gnat
41246142,206299773,Higher
41246142,206299774,These Demons (feat. MAJ)
41246142,206299775,Key - Skit
41246142,206299776,She Loves Me
41246142,206299777,Killer
41246142,206299778,Zeus (feat. White Gold)
41246142,206299779,Thus Far - Interlude
41246142,206299780,Discombobulated
41246142,206299781,Premonition - Intro
41246142,206299782,Unaccommodating (feat. Young M.A)
41246142,206299783,"You Gon’ Learn (feat. Royce Da 5'9"" & White Gold)"
41246142,206299784,Alfred - Interlude
41246294,206300181,Alfred - Intro
41246294,206300182,Black Magic (feat. Skylar Grey)
41246294,206300183,Alfred’s Theme
41246294,206300184,Tone Deaf
41246294,206300185,Book of Rhymes (feat. DJ Premier)
41246294,206300186,Favorite Bitch (feat. Ty Dolla $ign)
41246294,206300187,Guns Blazing (feat. Dr. Dre & Sly Pyper)
41246294,206300188,Gnat
41246294,206300189,Higher
41246294,206300190,These Demons (feat. MAJ)
41246294,206300191,Key - Skit
41246294,206300192,She Loves Me
41246294,206300193,Killer
41246294,206300194,Zeus (feat. White Gold)
41246294,206300195,Thus Far - Interlude
41246294,206300196,Discombobulated
41246294,206300197,Premonition - Intro
41246294,206300198,Unaccommodating (feat. Young M.A)
41246294,206300199,"You Gon’ Learn (feat. Royce Da 5'9"" & White Gold)"
41246294,206300200,Alfred - Interlude
34391162,181783106,Circles
34309268,181351096,Circles
33328296,175750349,Goodbyes
34211912,180833694,Goodbyes (feat. Young Thug)
31974233,167851499,Sunflower (Afrobeats Remix)
31710689,166635058,Wow. - Remix
28230141,146189346,Psycho (feat. Ty Dolla $ign)
28227011,146161699,Psycho
28057586,145085558,rockstar
49491258,230401898,Butter
49491258,230401899,Permission to Dance
45310735,218638955,Butter (Cooler Remix)
44274256,215872253,Butter
44274256,215872254,Butter (Hotter Remix)
49472702,230342834,Butter
39756455,201712948,Dynamite
39756455,201712950,Dynamite - Acoustic Remix
39756455,201712951,Dynamite - EDM Remix
39721115,201621042,Dynamite
38635239,198472074,Stay Gold
36300921,190592948,Black Swan
35685667,187258996,Make It Right (feat. Lauv) [Acoustic Remix]
33285642,175510730,Lights
33285642,175510731,Boy With Luv - Japanese ver.
33285642,175510732,IDOL - Japanese ver.
48449155,228979009,F40 (Remix)
48449155,228979010,Ego
48449155,228979011,Tu Veneno
48449155,228979012,Ma' G
48449155,228979013,Una Nota
48449155,228979014,Te Acuerdas De Mí
48449155,228979015,In Da Getto
48449155,228979016,Billetes De 100
48449155,228979017,La Venganza
48449155,228979018,Vestido
48449155,228979019,Qué Locura
48449155,228979020,Bebé Qué Bien Te Ves
48449155,228979021,Lo Que Dios Quiera
48449155,228979022,Si Te Atreves
48449155,228979023,Fantasías
48449155,228979024,Pa' Guayarte
48449155,228979025,Ganas De Verte
48449155,228979026,Perra
48449155,228979027,7 De Mayo
48449155,228979028,Suerte
48969007,228974549,F40 - Remix
48969007,228974550,Ego
48969007,228974551,Tu Veneno
48969007,228974552,Ma' G
48969007,228974553,Una Nota
48969007,228974554,Te Acuerdas De Mí
48969007,228974555,In Da Getto
48969007,228974556,Billetes De 100
48969007,228974557,La Venganza
48969007,228974558,Vestido
48969007,228974559,Que Locura
48969007,228974560,Bebé Que Bien Te Ves
48969007,228974561,Lo Que Dios Quiera
48969007,228974562,Si Te Atreves
48969007,228974563,Fantasías
48969007,228974564,Pa' Guayarte
48969007,228974565,Ganas De Verte
48969007,228974566,Perra
48969007,228974567,7 De Mayo
48969007,228974568,Suerte
47384485,224591668,Ten Cuidado - Pokémon 25 Version
46062431,221057313,F40
46062431,221057314,Una Nota
46062431,221057315,Te Acuerdas De Mí
46062431,221057316,In Da Getto
46062431,221057317,Billetes De 100
46062431,221057318,La Venganza
46062431,221057319,Vestido
46062431,221057320,Que Locura
46062431,221057321,Bebé Que Bien Te Ves
46062431,221057322,Lo Que Dios Quiera
46062431,221057323,Si Te Atreves
46062431,221057324,Fantasías
46062431,221057325,Pa' Guayarte
46062431,221057326,Ganas De Verte
46062431,221057327,Perra
46062431,221057328,7 De Mayo
46062431,221057329,Suerte
46062431,221057330,Querido Rio
46062431,221057331,La Familia
46062431,221057332,Qué Más Pues?
46058592,221043534,Que Locura
45520195,219472198,Wherever I May Roam (feat. Metallica)
44078842,214852025,7 De Mayo
43246511,212005648,Tu Veneno
42451705,209665001,Ma' G
48009133,226293868,Donda Chant
48009133,226293869,Hurricane
48009133,226293870,Moon
48009133,226293872,Life Of The Party (with André 3000)
48009133,226293874,Off The Grid
48009133,226293880,Jail
48009133,226293883,Praise God
48009133,226293886,Come to Life
48009133,226293889,Believe What I Say
48009133,226293890,No Child Left Behind
48009133,226293891,Up From The Ashes
48009133,226293892,Remote Control pt 2
48009133,226293893,God Breathed
48009133,226293894,Lord I Need You
48009133,226293895,24
48009133,226293896,Junya
48009133,226293897,Never Abandon Your Family
48009133,226293898,Donda
48009133,226293899,Keep My Spirit Alive
48009133,226293900,Jesus Lord pt 2
46691158,222687538,Donda Chant
46691158,222687539,Jail
46691158,222687540,God Breathed
46691158,222687541,Off The Grid
46691158,222687542,Hurricane
46691158,222687543,Praise God
46691158,222687544,Jonah
46691158,222687545,Ok Ok
46691158,222687546,Junya
46691158,222687547,Believe What I Say
46691158,222687548,24
46691158,222687549,Remote Control
46691158,222687550,Moon
46691158,222687551,Heaven and Hell
46691158,222687552,Donda
46691158,222687553,Keep My Spirit Alive
46691158,222687554,Jesus Lord
46691158,222687555,New Again
46691158,222687556,Tell The Vision
46691158,222687557,Lord I Need You
44104036,214966918,Hey Mama
44104036,214966919,Only One
44104036,214966920,Never Let Me Down
44104036,214966921,Roses
44104036,214966922,Everything I Am
40845641,205183630,Nah Nah Nah (feat. DaBaby & 2 Chainz) - Remix
40299089,203437054,Nah Nah Nah
35533861,186546847,Every Hour
35533861,186546848,Selah
35533861,186546849,Follow God
35533861,186546850,Closed On Sunday
35533861,186546851,On God
35533861,186546852,Everything We Need
35533861,186546853,Water
35533861,186546854,God Is
35533861,186546855,Hands On
35533861,186546856,Use This Gospel
35533861,186546857,Jesus Is Lord
30215331,158838967,I Love It (Freaky Girl Edit)
29806636,156261602,XTCY
53089568,242371304,TV
53089568,242371305,The 30th
46037900,220956320,Getting Older
46037900,220956321,I Didn't Change My Number
46037900,220956322,Billie Bossa Nova
46037900,220956323,my future
46037900,220956324,Oxytocin
46037900,220956325,GOLDWING
46037900,220956326,Lost Cause
46037900,220956327,Halley's Comet
46037900,220956328,Not My Responsibility
46037900,220956329,OverHeated
46037900,220956330,Everybody Dies
46037900,220956331,Your Power
46037900,220956332,NDA
46037900,220956333,Therefore I Am
46037900,220956334,Happier Than Ever
46037900,220956335,Male Fantasy
43804547,213849818,Getting Older
43804547,213849819,I Didn't Change My Number
43804547,213849820,Billie Bossa Nova
43804547,213849821,my future
43804547,213849822,Oxytocin
43804547,213849823,GOLDWING
43804547,213849824,Lost Cause
43804547,213849825,Halley's Comet
43804547,213849826,Not My Responsibility
43804547,213849827,OverHeated
43804547,213849828,Everybody Dies
43804547,213849829,Your Power
43804547,213849830,NDA
43804547,213849831,Therefore I Am
43804547,213849832,Happier Than Ever
43804547,213849833,Male Fantasy
46755145,222867011,Happier Than Ever - Edit
46755145,222867012,Happier Than Ever - Edit
45468801,219293852,NDA
45468802,219293853,NDA
44290400,215932973,Lost Cause
44290422,215933050,Lost Cause
43821313,213934223,Your Power
41896022,208132267,ilomilo - Live From The Film - Billie Eilish: The World’s A Little Blurry
50377259,232685168,Burn
50377259,232685171,Already Dead
50377259,232685175,Cigarettes
50377259,232685177,You Wouldn't Understand
50377259,232685182,Sometimes
50377259,232685186,Wandered To LA (with Justin Bieber)
50377259,232685190,Eminem Speaks
50377259,232685197,Rockstar In His Prime
50377259,232685201,Doom
50377259,232685205,Go Hard 2.0
50377259,232685208,Juice WRLD Speaks
50377259,232685209,Not Enough
50377259,232685210,Feline (with Polo G & Trippie Redd)
50377259,232685211,Relocate
50377259,232685212,Juice WRLD Speaks 2
50377259,232685213,Until The Plug Comes Back Around
50377259,232685214,From My Window
50377259,232685216,Girl Of My Dreams (with SUGA of BTS)
50377259,232685217,Feel Alone
50377259,232685218,Go Hard
50403656,232764297,Burn
50403656,232764298,Already Dead
50403656,232764299,Cigarettes
50403656,232764300,You Wouldn't Understand
50403656,232764301,Sometimes
50403656,232764302,Wandered To LA (with Justin Bieber)
50403656,232764303,Eminem Speaks
50403656,232764304,Rockstar In His Prime
50403656,232764305,Doom
50403656,232764307,Go Hard 2.0
50403656,232764309,Juice WRLD Speaks
50403656,232764310,Not Enough
50403656,232764312,Feline (with Polo G & Trippie Redd)
50403656,232764315,Relocate
50403656,232764317,Juice WRLD Speaks 2
50403656,232764318,Until The Plug Comes Back Around
50403656,232764319,From My Window
50403656,232764320,Girl Of My Dreams (with SUGA of BTS)
50403656,232764321,Feel Alone
50403656,232764322,Go Hard
49474861,230353557,Cigarettes
49555480,230555884,Cigarettes
50403675,232764556,Burn
50403675,232764557,Already Dead
50403675,232764558,Cigarettes
50403675,232764559,You Wouldn't Understand
50403675,232764560,Sometimes
50403675,232764561,Wandered To LA
50403675,232764562,Eminem Speaks
50403675,232764563,Rockstar In His Prime
50403675,232764564,Doom
50403675,232764565,Go Hard 2.0
50403675,232764566,Juice WRLD Speaks
50403675,232764567,Not Enough
50403675,232764568,Feline
50403675,232764569,Relocate
50403675,232764570,Juice WRLD Speaks 2
50403675,232764571,Until The Plug Comes Back Around
50403675,232764572,From My Window
50403675,232764573,Girl Of My Dreams
50403675,232764574,Feel Alone
50403675,232764575,Go Hard
48442841,227586016,Burn
48442841,227586017,Already Dead
48442841,227586018,You Wouldn't Understand
48442841,227586019,Wandered To LA
48442841,227586020,Eminem Speaks
48442841,227586021,Rockstar In His Prime
48442841,227586022,Doom
48442841,227586023,Go Hard
48442841,227586024,Juice WRLD Speaks
48442841,227586025,Not Enough
48442841,227586026,Feline
48442841,227586027,Relocate
48442841,227586028,Juice WRLD Speaks 2
48442841,227586029,Until The Plug Comes Back Around
48442841,227586030,From My Window
48442841,227586031,Girl Of My Dreams
48442841,227586032,Feel Alone
48442841,227586033,My Life In A Nutshell
48673989,228185708,Burn
48673989,228185711,Already Dead
48673989,228185716,You Wouldn't Understand
48673989,228185721,Wandered To LA
48673989,228185724,Eminem Speaks
48673989,228185728,Rockstar In His Prime
48673989,228185732,Doom
48673989,228185736,Go Hard
48673989,228185741,Juice WRLD Speaks
48673989,228185743,Not Enough
48673989,228185747,Feline
48673989,228185750,Relocate
48673989,228185752,Juice WRLD Speaks 2
48673989,228185755,Until The Plug Comes Back Around
48673989,228185759,From My Window
48673989,228185762,Girl Of My Dreams
48673989,228185766,Feel Alone
48673989,228185769,My Life In A Nutshell
49474931,230354301,Burn
49474931,230354302,Already Dead
49474931,230354303,You Wouldn't Understand
49474931,230354305,Wandered To LA (with Justin Bieber)
49474931,230354307,Eminem Speaks
49474931,230354309,Rockstar In His Prime
49474931,230354311,Doom
49474931,230354313,Go Hard 2.0
49474931,230354314,Juice WRLD Speaks
49474931,230354317,Not Enough
49474931,230354319,Feline (with Polo G & Trippie Redd)
49474931,230354322,Relocate
49474931,230354325,Juice WRLD Speaks 2
49474931,230354328,Until The Plug Comes Back Around
49474931,230354329,From My Window
49474931,230354332,Girl Of My Dreams (with SUGA of BTS)
49474931,230354335,Feel Alone
49474931,230354338,Go Hard
49474931,230354340,My Life In A Nutshell
49697906,230928450,Burn
49697906,230928451,Already Dead
49697906,230928453,Cigarettes
49697906,230928455,You Wouldn't Understand
49697906,230928457,Wandered To LA (with Justin Bieber)
49697906,230928460,Eminem Speaks
49697906,230928462,Rockstar In His Prime
49697906,230928464,Doom
49697906,230928467,Go Hard 2.0
49697906,230928469,Juice WRLD Speaks
49697906,230928471,Not Enough
49697906,230928473,Feline (with Polo G & Trippie Redd)
49697906,230928475,Relocate
49697906,230928477,Juice WRLD Speaks 2
49697906,230928479,Until The Plug Comes Back Around
49697906,230928481,From My Window
49697906,230928483,Girl Of My Dreams (with SUGA of BTS)
49697906,230928485,Feel Alone
49697906,230928487,Go Hard
49697906,230928489,My Life In A Nutshell
49697907,230928452,Burn
49697907,230928454,Already Dead
49697907,230928456,Cigarettes
49697907,230928458,You Wouldn't Understand
49697907,230928459,Wandered To LA (with Justin Bieber)
49697907,230928461,Eminem Speaks
49697907,230928463,Rockstar In His Prime
49697907,230928466,Doom
49697907,230928468,Go Hard 2.0
49697907,230928470,Juice WRLD Speaks
49697907,230928472,Not Enough
49697907,230928474,Feline (with Polo G & Trippie Redd)
49697907,230928476,Relocate
49697907,230928478,Juice WRLD Speaks 2
49697907,230928480,Until The Plug Comes Back Around
49697907,230928482,From My Window
49697907,230928484,Girl Of My Dreams (with SUGA of BTS)
49697907,230928486,Feel Alone
49697907,230928488,Go Hard
49697907,230928490,My Life In A Nutshell
47487831,224885467,Love Again (GARABATTO Remix)
47385615,224595232,Love Again - GARABATTO Remix
47385615,224595233,Love Again - Imanbek Remix
47385615,224595234,Love Again
47196078,224020110,Love Again - Imanbek Remix
47196078,224020111,Love Again
44293746,215946805,CAN THEY HEAR US (From ‘Gully’ with original Daniel Heath Score)
44422797,216288867,Love Again
41480915,207035609,We're Good
41477822,213626747,Future Nostalgia
41477822,207024554,Don't Start Now
41477822,207024556,Cool
41477822,207024559,Physical
41477822,207024560,Levitating
41477822,207024562,Pretty Please
41477822,207024563,Hallucinate
41477822,213626750,Love Again
41477822,213626751,Break My Heart
41477822,213626752,Good In Bed
41477822,213626753,Boys Will Be Boys
41477822,213626754,Fever
41477822,207024564,We're Good
41477822,213626755,Prisoner (feat. Dua Lipa)
41477822,213626756,If It Ain’t Me
41477822,207024565,That Kind Of Woman
41477822,213626757,Not My Problem (feat. JID)
41477822,207024566,Levitating (feat. DaBaby)
41477822,207024567,Un Día (One Day)
41477838,228973856,Future Nostalgia
41477838,228973857,Don't Start Now
41477838,228973858,Cool
41477838,228973859,Physical
41477838,228973860,Levitating
41477838,228973861,Pretty Please
41477838,228973862,Hallucinate
41477838,228973863,Love Again
41477838,228973864,Break My Heart
41477838,228973865,Good In Bed
41477838,228973866,Boys Will Be Boys
41477838,228973867,Fever
41477838,207024555,We're Good
41477838,228973868,Prisoner (feat. Dua Lipa)
41477838,228973869,If It Ain’t Me
41477838,228973870,That Kind Of Woman
41477838,228973871,Not My Problem (feat. JID)
41477838,207024557,Levitating (feat. DaBaby)
41477838,207024558,Un Día (One Day)
41146482,205978815,Levitating (feat. DaBaby)
41146482,205978816,Levitating
41146482,205978818,Levitating (feat. Madonna and Missy Elliott) [The Blessed Madonna Remix]
41146482,205978820,Levitating (feat. DaBaby) [KUU Remix]
41146482,206251429,Levitating (feat. DaBaby) [Don Diablo Remix]
41230222,206251425,Levitating (feat. DaBaby) [Don Diablo Remix]
